Model,Accuracy,CV_Mean,CV_Std
Logistic Regression,1.0,0.9987687153627277,0.0006960565932807471
Random Forest,1.0,0.9995074497542342,0.0003482856901495538
XGBoost,1.0,0.9995074497542342,0.0003482856901495538
LightGBM,0.9990157480314961,0.9995074497542342,0.0003482856901495538
Ensemble,0.9990157480314961,0.9995074497542342,0.0003482856901495538
SVM,0.49015748031496065,0.5834518765491133,0.13108431111988403
