Model,Accuracy,CV_Mean,CV_Std
Logistic Regression,1.0,0.9990148995084688,0.00034789963553254563
Random Forest,1.0,0.9995074497542342,0.0003482856901495538
XGBoost,1.0,0.9995074497542342,0.0003482856901495538
LightGBM,0.9990157480314961,0.9995074497542342,0.0003482856901495538
Ensemble,0.9990157480314961,0.9995074497542342,0.0003482856901495538
SVM,0.49015748031496065,0.5839442448405953,0.1317806250353804
