Model,Accuracy,CV_Mean,CV_Std
Logistic Regression,0.535,0.50125,0.009999999999999981
XGBoost,0.51,0.5087499999999999,0.028668362352949273
LightGBM,0.485,0.5075000000000001,0.02692582403567252
SVM,0.485,0.49124999999999996,0.04670385423067351
Random Forest,0.465,0.5125,0.030103986446980733
