Model,Accuracy,AUC,CV_Mean,CV_Std
Random Forest,1.0,,0.9995073891625615,0.0006033225967446381
XGBoost,1.0,,0.9995073891625615,0.0006033225967446381
Logistic Regression,0.9990157480314961,,0.9992610837438424,0.0006033225967446381
LightGBM,0.9990157480314961,,0.9995073891625615,0.0006033225967446381
SVM,0.9970472440944882,,0.9965517241379309,0.0021187993268577884
