{
  "Logistic Regression": {
    "accuracy": 0.9990157480314961,
    "auc": null,
    "cv_mean": 0.9992610837438424,
    "cv_std": 0.0006033225967446381
  },
  "Random Forest": {
    "accuracy": 1.0,
    "auc": null,
    "cv_mean": 0.9995073891625615,
    "cv_std": 0.0006033225967446381
  },
  "XGBoost": {
    "accuracy": 1.0,
    "auc": null,
    "cv_mean": 0.9995073891625615,
    "cv_std": 0.0006033225967446381
  },
  "LightGBM": {
    "accuracy": 0.9990157480314961,
    "auc": null,
    "cv_mean": 0.9995073891625615,
    "cv_std": 0.0006033225967446381
  },
  "SVM": {
    "accuracy": 0.9970472440944882,
    "auc": null,
    "cv_mean": 0.9965517241379309,
    "cv_std": 0.0021187993268577884
  }
}